,name,不戦勝,不戦敗,不明勝数,不明勝率,不明敗数,先勝,先勝率,先敗,勝,勝率,千日手,対局数,後勝数,後勝率,後敗数,持,持将棋,敗
0,木村義雄,0,0,3,0.75,1,0,,0,6,0.5,0,12,3,0.375,5,,0,6
0,萩原淳,3,15,61,0.384,98,13,0.433,17,85,0.3664,1,232,8,0.33299999999999996,16,1.0,1,146
0,大野源一,2,10,147,0.519,136,120,0.469,136,415,0.497,9,835,146,0.516,137,1.0,3,419
0,斎藤銀次郎,1,0,101,0.41700000000000004,141,1,0.091,10,103,0.3977,0,259,0,0.0,5,,0,156
0,市川一郎,0,2,15,0.349,28,1,0.25,3,16,0.3265,1,49,0,,0,,0,33
0,鈴木禎一,0,0,2,0.33299999999999996,4,1,0.5,1,3,0.375,0,8,0,,0,,0,5
0,建部和歌夫,0,0,34,0.43,45,1,0.077,12,36,0.3711,0,97,1,0.2,4,,0,61
0,坂口允彦,4,5,132,0.44,168,62,0.3,145,258,0.3468,50,744,60,0.263,168,,0,486
0,塚田正夫,0,12,89,0.536,77,98,0.405,144,286,0.4288,25,667,99,0.401,148,,2,381
0,畝美与吉,1,1,19,0.33299999999999996,38,1,0.5,1,22,0.3438,0,64,1,0.33299999999999996,2,,0,42
0,梶一郎,0,10,33,0.39299999999999996,51,10,0.435,13,47,0.3643,0,129,4,0.364,7,1.0,2,81
0,角田三男,3,2,127,0.426,171,55,0.331,111,229,0.3518,1,651,44,0.242,138,,0,422
0,松下力,7,2,116,0.414,164,85,0.409,123,275,0.4015,23,685,67,0.35600000000000004,121,,4,410
0,小堀清一,11,1,123,0.429,164,111,0.381,180,322,0.3811,1,845,77,0.302,178,,1,523
0,升田幸三,2,21,3,1.0,0,204,0.609,131,401,0.5648,13,710,192,0.552,156,1.0,3,308
0,高島一岐代,1,7,70,0.519,65,30,0.536,26,137,0.5,20,274,36,0.48,39,,5,137
0,野村慶虎,1,0,21,0.382,34,2,0.4,3,24,0.375,1,64,0,0.0,3,,0,40
0,橋爪敏太郎,0,1,39,0.39,61,2,0.4,3,43,0.3874,4,111,2,0.5,2,1.0,1,67
0,大和久彪,0,3,19,0.452,23,5,0.5,5,28,0.4667,4,60,4,0.8,1,,1,32
0,荒巻三之,2,0,52,0.452,63,4,0.25,12,64,0.4238,0,151,6,0.33299999999999996,12,,0,87
0,加藤恵三,0,1,21,0.40399999999999997,31,7,0.778,2,29,0.4394,1,66,1,0.25,3,,0,37
0,村上真一,0,1,19,0.42200000000000004,26,2,0.28600000000000003,5,26,0.4127,0,63,5,0.5,5,,0,37
0,岡崎史明,1,20,121,0.467,138,20,0.444,25,157,0.411,6,382,15,0.263,42,,4,225
0,松田茂役,6,21,161,0.573,120,140,0.449,172,450,0.4668,38,964,143,0.41600000000000004,201,,1,514
0,大山康晴,2,22,0,,0,512,0.621,312,1194,0.6278,34,1902,680,0.6459999999999999,372,2.0,4,706
0,山本武雄,3,0,109,0.38,178,8,0.5710000000000001,6,123,0.3942,1,312,3,0.429,4,1.0,0,188
0,山中和正,5,2,158,0.52,146,83,0.349,155,326,0.4127,13,790,80,0.332,161,,1,464
0,板谷四郎,1,0,45,0.433,59,13,0.44799999999999995,16,64,0.4267,0,150,5,0.313,11,,0,86
0,間宮純一,1,0,11,0.22,39,0,,0,12,0.2105,0,57,0,0.0,5,1.0,0,44
0,藤川義夫,2,8,76,0.374,127,5,0.7140000000000001,2,84,0.3717,1,226,1,0.16699999999999998,5,,0,142
0,金高清吉,1,5,64,0.529,57,10,0.5,10,83,0.5123,1,162,8,0.5710000000000001,6,1.0,3,78
0,本間爽悦,5,7,194,0.54,165,95,0.436,123,380,0.4768,26,797,86,0.413,122,,4,417
0,高柳敏夫,1,0,76,0.392,118,15,0.405,22,103,0.4023,4,256,11,0.45799999999999996,13,,0,153
0,廣津久雄,3,2,152,0.469,172,117,0.40299999999999997,173,383,0.4284,49,894,111,0.405,163,1.0,2,510
0,吉田六彦,0,13,10,0.4,15,1,0.5,1,11,0.2619,0,42,0,0.0,1,1.0,0,30
0,富沢幹雄,9,13,105,0.457,125,127,0.385,203,376,0.4056,12,927,135,0.391,210,,1,551
0,京須行男,0,7,45,0.391,70,6,0.429,8,57,0.38,2,150,6,0.429,8,,2,93
0,原田泰夫,5,0,165,0.5770000000000001,121,125,0.46299999999999997,145,433,0.5064,4,855,138,0.47100000000000003,155,1.0,5,421
0,星田啓三,4,5,109,0.401,163,72,0.379,118,244,0.3807,2,641,59,0.34700000000000003,111,,2,397
0,南口繁一,7,1,110,0.38299999999999995,177,68,0.35600000000000004,123,243,0.3547,15,685,58,0.29100000000000004,141,,2,442
0,北村秀治郎,6,1,101,0.341,195,44,0.32799999999999996,90,188,0.3287,6,572,37,0.27399999999999997,98,,2,384
0,花村元司,7,16,174,0.5760000000000001,128,197,0.524,179,547,0.4964,12,1102,169,0.42100000000000004,232,,4,555
0,山川次彦,3,3,110,0.415,155,12,0.33299999999999996,24,130,0.3824,17,340,5,0.152,28,,2,210
0,佐瀬勇次,8,3,156,0.498,157,122,0.36700000000000005,210,409,0.4274,12,957,123,0.409,178,,1,548
0,加藤博二,7,10,159,0.5660000000000001,122,189,0.447,234,562,0.4853,34,1158,207,0.474,230,,4,596
0,松浦卓造,1,17,116,0.473,129,39,0.355,71,191,0.3922,2,487,35,0.31,78,1.0,0,295
0,丸田祐三,11,1,160,0.569,121,204,0.41,293,582,0.4402,76,1322,207,0.389,325,,8,740
0,灘蓮照,6,18,172,0.56,135,110,0.401,164,434,0.4652,28,933,146,0.445,182,,5,499
0,平野広吉,2,0,29,0.33,59,1,0.25,3,34,0.3505,1,97,2,0.667,1,,0,63
0,五十嵐豊一,7,1,113,0.428,151,114,0.363,200,350,0.3915,10,894,116,0.377,192,,2,544
0,佐藤豊,1,0,9,0.231,30,0,0.0,1,10,0.2381,0,42,0,0.0,1,,0,32
0,木川貴一,1,0,85,0.321,180,8,0.5710000000000001,6,94,0.3287,6,286,0,0.0,6,,2,192
0,下平幸男,4,5,158,0.483,169,87,0.37799999999999995,143,324,0.4075,12,795,75,0.32799999999999996,154,,0,471
0,二見敬三,2,22,155,0.508,150,37,0.435,48,226,0.4321,21,523,32,0.294,77,,2,297
0,西本馨,2,0,42,0.344,80,3,0.6,2,47,0.3561,1,132,0,0.0,3,,0,85
0,熊谷達人,6,7,154,0.524,140,90,0.536,78,334,0.4941,70,676,84,0.418,117,,3,342
0,清野静男,4,11,117,0.39899999999999997,176,45,0.36,80,197,0.3543,3,556,31,0.252,92,,0,359
0,神田鎮雄,3,13,126,0.45299999999999996,152,32,0.525,29,179,0.4345,6,412,18,0.316,39,,1,233
0,増田敏二,1,0,29,0.36700000000000005,50,2,0.33299999999999996,4,32,0.3596,0,89,0,0.0,3,,0,57
0,浅沼一,0,1,12,0.316,26,3,0.75,1,15,0.3409,0,44,0,0.0,1,,0,29
0,二上達也,4,2,187,0.6559999999999999,98,332,0.52,306,823,0.5282,14,1558,300,0.478,328,1.0,7,734
0,橋本三治,1,0,85,0.415,120,61,0.389,96,185,0.3558,5,520,38,0.242,119,,1,335
0,山田道美,4,13,197,0.6940000000000001,87,111,0.624,67,409,0.6216,63,658,97,0.542,82,,3,249
0,津村常吉,1,0,122,0.414,173,12,0.308,27,146,0.4,3,365,11,0.36700000000000005,19,,0,219
0,北村昌男,10,8,185,0.5589999999999999,146,189,0.45299999999999996,228,552,0.4551,85,1213,168,0.377,278,1.0,7,660
0,市川伸,3,5,148,0.48100000000000004,160,4,0.444,5,157,0.4673,2,336,2,0.182,9,,0,179
0,関根茂,9,0,199,0.61,127,259,0.456,309,696,0.4687,10,1485,229,0.39299999999999996,353,,2,789
0,大友昇,7,8,176,0.605,115,50,0.46299999999999997,58,274,0.5404,12,507,41,0.441,52,,0,233
0,佐藤庄平,3,17,132,0.516,124,16,0.552,13,156,0.483,16,323,5,0.278,13,,1,167
0,加藤一二三,6,0,177,0.6829999999999999,82,612,0.542,518,1324,0.5285,98,2505,529,0.47700000000000004,580,1.0,11,1180
0,宮坂幸雄,2,0,198,0.604,130,181,0.386,288,555,0.4498,8,1234,174,0.4,261,,1,679
0,有吉道夫,10,0,210,0.665,106,431,0.521,397,1093,0.5217,52,2095,442,0.47,499,,16,1002
0,長谷部久雄,3,2,140,0.495,143,216,0.512,206,542,0.4865,46,1114,183,0.45299999999999996,221,,3,572
0,芹沢博文,8,22,156,0.5529999999999999,126,149,0.485,158,458,0.4712,63,972,145,0.41100000000000003,208,,4,514
0,関屋喜代作,3,4,127,0.47600000000000003,140,97,0.34,188,316,0.383,3,825,89,0.335,177,,0,509
0,賀集正三,2,0,131,0.46,154,12,0.387,19,152,0.4343,4,350,7,0.21899999999999997,25,,1,198
0,大村和久,3,11,104,0.428,139,39,0.382,63,179,0.3951,2,453,33,0.35100000000000003,61,,0,274
0,大原英二,2,16,127,0.465,146,86,0.331,174,295,0.3589,14,822,80,0.295,191,,3,527
0,剱持松二,8,2,114,0.45399999999999996,137,134,0.34600000000000003,253,403,0.3777,7,1067,147,0.35100000000000003,272,,0,664
0,佐藤大五郎,6,8,172,0.597,116,190,0.423,259,555,0.4579,24,1212,187,0.406,274,,0,657
0,吉田利勝,3,6,100,0.503,99,173,0.48100000000000004,187,389,0.4308,16,903,113,0.337,222,,3,514
0,北村文男,7,0,99,0.529,88,111,0.449,136,299,0.4265,4,701,82,0.315,178,,3,402
0,内藤國雄,8,2,183,0.701,78,481,0.528,430,1131,0.5305,21,2132,459,0.483,491,,7,1001
0,伊達康夫,2,1,77,0.41,111,131,0.434,171,313,0.4013,14,780,103,0.359,184,,1,467
0,佐伯昌優,8,0,129,0.608,83,203,0.429,270,544,0.4441,27,1225,204,0.38299999999999995,328,,2,681
0,木村嘉孝,4,8,58,0.423,79,96,0.336,190,240,0.3324,11,722,82,0.28600000000000003,205,,1,482
0,山口千嶺,5,2,106,0.5920000000000001,73,181,0.405,266,431,0.407,34,1059,139,0.326,287,,3,628
0,木村義徳,3,0,95,0.59,66,169,0.47700000000000004,185,411,0.474,7,867,144,0.413,205,,0,456
0,高島弘光,7,8,94,0.5770000000000001,69,212,0.467,242,486,0.4521,7,1075,173,0.391,270,,1,589
0,板谷進,8,4,98,0.632,57,179,0.506,175,472,0.5339,23,884,187,0.515,176,,5,412
0,米長邦雄,4,0,73,0.664,37,543,0.618,336,1103,0.5793,16,1904,483,0.531,427,1.0,3,800
0,大内延介,10,1,80,0.635,46,379,0.513,360,887,0.5233,31,1695,418,0.511,400,1.0,5,807
0,西村一義,4,0,79,0.693,35,362,0.524,329,784,0.5144,40,1524,339,0.474,376,,4,740
0,木下晃,5,0,51,0.51,49,185,0.419,257,398,0.4129,7,964,157,0.376,260,,0,566
0,山口英夫,4,3,52,0.565,40,176,0.424,239,389,0.401,48,970,157,0.344,299,,0,581
0,桜井昇,5,1,38,0.5429999999999999,32,206,0.387,326,484,0.4081,9,1186,235,0.40700000000000003,343,,1,702
0,田辺一郎,2,1,32,0.478,35,153,0.402,228,296,0.3641,20,813,109,0.301,253,,3,517
0,中原誠,4,5,33,0.868,5,658,0.6459999999999999,360,1308,0.6246,25,2094,613,0.597,413,3.0,6,783
0,桐山清澄,3,1,40,0.69,18,493,0.531,435,993,0.5156,40,1926,457,0.488,479,,6,933
0,高田丈資,2,10,31,0.608,20,87,0.537,75,192,0.4812,12,399,72,0.414,102,,1,207
0,河口俊彦,4,1,12,0.444,15,180,0.395,276,367,0.3946,14,930,171,0.387,271,,1,563
0,勝浦修,5,2,8,0.5,8,361,0.513,343,714,0.506,18,1411,340,0.49700000000000005,344,,10,697
0,石田和雄,5,3,14,0.667,7,338,0.496,343,680,0.4819,8,1411,323,0.461,378,,2,731
0,若松政和,11,0,2,0.4,3,182,0.41,262,372,0.4271,1,871,177,0.431,234,,0,499
0,森安秀光,3,7,0,,0,368,0.638,209,712,0.5993,23,1188,341,0.5670000000000001,260,,9,476
0,森雞二,5,1,0,,0,423,0.501,422,866,0.4963,19,1745,438,0.49,456,,5,879
0,滝誠一郎,5,2,0,,0,249,0.43799999999999994,319,486,0.4305,20,1129,232,0.419,322,,3,643
0,池田修一,6,1,0,,0,119,0.321,252,244,0.3302,5,739,119,0.33,242,,1,495
0,野本虎次,6,6,0,,0,131,0.35700000000000004,236,240,0.3133,8,766,103,0.266,284,,1,526
0,田中魁秀,5,18,0,,0,366,0.502,363,659,0.4573,17,1441,288,0.418,401,,3,782
0,坪内利幸,4,0,0,,0,271,0.493,279,510,0.4615,16,1105,235,0.426,316,,2,595
0,佐藤義則,5,2,0,,0,252,0.44799999999999995,311,488,0.4322,15,1129,231,0.413,328,,4,641
0,安恵照剛,5,2,0,,0,196,0.46299999999999997,227,352,0.4093,13,860,151,0.35100000000000003,279,,4,508
0,森安正幸,2,1,0,,0,152,0.375,253,288,0.3664,19,786,134,0.354,244,,3,498
0,田丸昇,4,1,0,,0,286,0.45,349,546,0.4286,9,1274,256,0.40399999999999997,378,,1,728
0,宮田利男,6,0,0,,0,289,0.474,321,539,0.4526,32,1191,244,0.424,331,,4,652
0,真部一男,2,6,0,,0,320,0.498,323,598,0.4914,29,1217,276,0.488,290,,4,619
0,小阪昇,3,2,0,,0,224,0.442,283,444,0.4336,7,1024,217,0.424,295,,0,580
0,淡路仁茂,7,0,0,,0,369,0.532,324,695,0.4993,28,1392,319,0.461,373,,9,697
0,青野照市,4,0,0,0.0,2,388,0.493,399,767,0.4904,20,1564,375,0.486,396,,6,797
0,椎橋金司,2,3,0,,0,89,0.307,201,184,0.3062,5,601,93,0.304,213,,1,417
0,前田祐司,1,1,0,,0,242,0.43200000000000005,318,456,0.4222,14,1080,213,0.41100000000000003,305,,7,624
0,飯野健二,7,4,0,,0,245,0.486,259,445,0.4499,13,989,193,0.40700000000000003,281,,0,544
0,伊藤果,5,1,0,,0,240,0.46399999999999997,277,471,0.4595,37,1025,226,0.45,276,,6,554
0,菊地常夫,6,4,0,,0,201,0.47200000000000003,225,356,0.4144,25,859,149,0.35200000000000004,274,,3,503
0,桐谷広人,0,0,0,,0,175,0.42200000000000004,240,327,0.4027,9,812,152,0.38299999999999995,245,,5,485
0,沼春雄,4,0,0,,0,146,0.369,250,303,0.3695,9,820,153,0.364,267,,0,517
0,有野芳人,1,1,0,,0,67,0.321,142,142,0.3447,11,412,74,0.368,127,,0,270
0,小林健二,5,0,0,0.0,2,375,0.508,363,689,0.4815,14,1431,309,0.45,377,,9,742
0,土佐浩司,4,0,2,0.5,2,337,0.475,372,665,0.4812,21,1382,322,0.484,343,,6,717
0,酒井順吉,4,1,0,,0,154,0.429,205,290,0.3877,18,748,132,0.344,252,,3,458
0,森信雄,2,9,0,,0,217,0.431,286,403,0.4058,11,993,184,0.384,295,,1,590
0,田中寅彦,7,0,1,0.5,1,411,0.546,342,782,0.5193,8,1506,363,0.488,381,,2,724
0,東和男,7,1,0,0.0,2,252,0.434,328,475,0.4189,26,1134,216,0.397,328,,2,659
0,中田章道,4,1,0,,0,177,0.455,212,326,0.4388,15,743,145,0.415,204,,0,417
0,大島映二,2,0,0,,0,247,0.48200000000000004,265,466,0.4451,42,1047,217,0.40700000000000003,316,,2,581
0,谷川浩司,3,0,0,,0,718,0.65,387,1316,0.6081,27,2164,595,0.565,458,3.0,8,845
0,松浦隆一,5,0,0,,0,197,0.43,261,361,0.4098,11,881,159,0.38,259,,3,520
0,青木清,2,1,0,,0,80,0.33799999999999997,157,156,0.3197,7,488,74,0.298,174,,0,332
0,小野修一,3,1,0,,0,298,0.583,213,541,0.5356,31,1010,240,0.485,255,,2,469
0,福崎文吾,2,0,3,0.75,1,333,0.485,354,656,0.474,33,1384,318,0.46,373,,0,728
0,鈴木輝彦,2,0,0,,0,168,0.462,196,334,0.4563,14,732,164,0.44799999999999995,202,,0,398
0,武者野勝巳,5,7,0,,0,158,0.401,236,310,0.3875,6,800,147,0.373,247,,0,490
0,脇謙二,7,0,1,0.5,1,338,0.507,329,640,0.4871,37,1314,294,0.461,344,,1,674
0,永作芳也,0,2,0,,0,67,0.486,71,130,0.4659,1,279,63,0.45299999999999996,76,,1,149
0,瀬戸博晴,5,4,0,,0,89,0.376,148,176,0.3621,8,486,82,0.342,158,,1,310
0,児玉孝一,3,0,0,,0,212,0.45299999999999996,256,394,0.4283,10,920,179,0.39899999999999997,270,,1,526
0,高橋道雄,6,0,1,0.5,1,464,0.598,312,848,0.5489,20,1545,377,0.496,383,1.0,4,696
0,中村修,4,0,2,0.5,2,393,0.547,326,774,0.5356,33,1445,375,0.522,343,,2,671
0,泉正樹,1,1,0,0.0,2,319,0.513,303,611,0.4876,28,1253,291,0.46399999999999997,336,,7,642
0,依田有司,2,0,0,,0,133,0.405,195,259,0.386,12,671,124,0.364,217,,2,412
0,島朗,6,0,0,0.0,2,446,0.5820000000000001,320,808,0.5387,22,1500,356,0.491,369,1.0,8,691
0,南芳一,3,0,0,0.0,2,424,0.5710000000000001,318,813,0.5453,20,1491,386,0.519,358,,4,678
0,塚田泰明,5,1,0,0.0,2,387,0.574,287,746,0.5414,49,1378,354,0.509,342,,3,632
0,神谷広志,1,1,2,0.667,1,333,0.5479999999999999,275,574,0.4728,30,1214,238,0.396,363,,1,640
0,植山悦行,0,1,0,,0,218,0.502,216,378,0.4426,8,854,160,0.382,259,,0,476
0,西川慶二,6,2,0,0.0,1,267,0.475,295,503,0.4519,8,1113,230,0.424,312,,2,610
0,武市三郎,0,1,0,,0,171,0.409,247,335,0.3904,10,858,164,0.374,275,,1,523
0,室岡克彦,7,1,0,0.0,2,215,0.413,306,444,0.4306,22,1031,222,0.444,278,,1,587
0,堀口弘治,0,1,0,,0,259,0.522,237,452,0.457,11,989,193,0.392,299,,0,537
0,大野八一雄,5,2,0,,0,193,0.457,229,378,0.4426,28,854,180,0.424,245,,3,476
0,加瀬純一,1,2,0,,0,134,0.423,183,273,0.4168,6,655,138,0.41200000000000003,197,,0,382
0,井上慶太,7,1,1,0.33299999999999996,2,386,0.5720000000000001,289,727,0.5499,20,1322,333,0.524,303,,3,595
0,飯田弘之,2,14,0,,0,84,0.46399999999999997,97,164,0.442,10,371,78,0.44799999999999995,96,,1,207
0,有森浩三,1,24,1,0.33299999999999996,2,277,0.57,209,517,0.517,22,1000,238,0.49,248,,1,483
0,神吉宏充,2,3,0,,0,178,0.48200000000000004,191,341,0.4559,6,748,161,0.43,213,,1,407
0,森下卓,2,1,1,0.5,1,488,0.619,301,928,0.5877,48,1579,437,0.557,347,1.0,6,650
0,浦野真彦,2,4,0,0.0,2,287,0.516,269,522,0.4741,20,1101,233,0.434,304,,0,579
0,小野敦生,1,12,0,,0,100,0.5710000000000001,75,173,0.4832,6,358,72,0.424,98,,1,185
0,日浦市郎,3,1,2,0.5,2,349,0.5820000000000001,251,665,0.5442,19,1222,311,0.507,303,,2,557
0,達正光,3,3,0,,0,196,0.52,181,347,0.4786,16,725,148,0.433,194,,2,378
0,伊藤博文,5,0,0,0.0,2,163,0.42100000000000004,224,311,0.3897,2,798,143,0.354,261,,0,487
0,小林宏,2,0,0,0.0,2,231,0.484,246,426,0.4451,14,957,193,0.405,283,,2,531
0,富岡英作,2,0,2,0.667,1,296,0.54,252,563,0.4987,10,1129,263,0.457,313,,2,566
0,関浩,2,0,0,,0,106,0.42200000000000004,145,182,0.359,7,507,74,0.29100000000000004,180,,0,325
0,本間博,2,1,0,,0,77,0.39899999999999997,116,145,0.3652,6,397,66,0.32799999999999996,135,,1,252
0,阿部隆,6,4,2,0.667,1,412,0.622,250,788,0.5872,57,1342,368,0.552,299,,4,554
0,所司和晴,3,0,0,0.0,2,203,0.456,242,386,0.4332,17,891,180,0.408,261,,3,505
0,中田宏樹,6,0,2,0.667,1,378,0.619,233,745,0.5857,8,1272,359,0.551,293,,1,527
0,安西勝一,2,1,0,,0,160,0.434,209,283,0.3958,12,715,121,0.353,222,,0,432
0,羽生善治,4,0,0,,0,766,0.7509999999999999,254,1430,0.7072,45,2022,660,0.6629999999999999,336,2.0,4,590
0,中田功,3,6,2,0.667,1,282,0.522,258,562,0.5095,20,1103,275,0.499,276,,0,541
0,石川陽生,1,0,1,0.33299999999999996,2,241,0.512,230,486,0.4855,25,1001,243,0.462,283,,3,515
0,長沼洋,0,0,2,0.667,1,284,0.534,248,540,0.507,17,1065,254,0.479,276,,2,525
0,神崎健二,4,0,2,0.667,1,298,0.546,248,581,0.5248,7,1107,277,0.5,277,,1,526
0,村山聖,1,12,0,,0,198,0.7390000000000001,70,356,0.6391,10,557,157,0.569,119,,2,201
0,櫛田陽一,2,3,0,,0,130,0.455,156,292,0.4771,7,612,160,0.498,161,,0,320
0,佐藤康光,3,0,0,,0,575,0.677,274,1032,0.6221,36,1659,454,0.563,353,,7,627
0,森内俊之,4,0,0,,0,489,0.674,236,912,0.6162,42,1480,419,0.5579999999999999,332,,6,568
0,中川大輔,2,0,1,0.33299999999999996,2,354,0.593,243,682,0.5794,26,1177,325,0.565,250,,9,495
0,先崎学,1,12,0,0.0,2,347,0.61,222,664,0.5734,29,1158,316,0.551,258,,4,494
0,野田敬三,4,1,0,,0,125,0.41100000000000003,179,223,0.3858,7,578,94,0.349,175,,2,355
0,木下浩一,3,1,0,0.0,2,181,0.456,216,339,0.4227,8,802,155,0.38799999999999996,244,,0,463
0,小倉久史,3,1,0,0.0,2,268,0.544,225,521,0.5174,30,1007,250,0.49200000000000005,258,,1,486
0,屋敷伸之,4,0,0,,0,420,0.636,240,775,0.6102,9,1270,351,0.579,255,,0,495
0,藤原直哉,1,0,1,0.5,1,221,0.507,215,442,0.4763,15,928,219,0.44799999999999995,270,,1,486
0,高田尚平,2,1,0,0.0,2,185,0.45299999999999996,223,360,0.4569,13,788,173,0.461,202,,2,428
0,畠山鎮,2,1,0,,0,285,0.5579999999999999,226,556,0.5462,19,1018,269,0.534,235,,0,462
0,畠山成幸,5,0,0,0.0,2,286,0.562,223,527,0.5254,15,1003,236,0.485,251,,1,476
0,丸山忠久,1,0,0,,0,461,0.682,215,894,0.63,49,1419,432,0.5820000000000001,310,,4,525
0,郷田真隆,4,1,0,,0,467,0.665,235,880,0.6193,26,1421,409,0.574,304,1.0,2,540
0,佐藤秀司,1,0,1,0.5,1,277,0.5770000000000001,203,538,0.5529,18,973,259,0.529,231,,6,435
0,杉本昌隆,2,2,4,1.0,0,274,0.573,204,565,0.5583,23,1012,285,0.542,241,,1,447
0,藤井猛,1,0,0,0.0,2,351,0.609,225,655,0.5781,38,1133,303,0.547,251,,0,478
0,平藤眞吾,3,0,0,0.0,2,256,0.5870000000000001,180,462,0.5191,24,890,203,0.452,246,,0,428
0,豊川孝弘,1,2,1,0.5,1,252,0.5529999999999999,204,466,0.5248,26,888,212,0.496,215,,6,422
0,深浦康市,1,0,0,,0,444,0.665,224,831,0.631,20,1317,386,0.596,262,,0,486
0,真田圭一,2,1,3,0.75,1,263,0.5920000000000001,181,495,0.5482,7,903,227,0.502,225,,0,408
0,飯塚祐紀,1,0,2,0.667,1,261,0.57,197,515,0.5496,19,937,251,0.528,224,,0,422
0,三浦弘行,1,6,0,,0,311,0.615,195,606,0.5799,39,1045,294,0.5529999999999999,238,,2,439
0,伊藤能,2,1,0,,0,115,0.414,163,214,0.3956,14,541,97,0.373,163,,1,327
0,川上猛,1,0,1,0.33299999999999996,2,192,0.505,188,386,0.5033,13,767,192,0.501,191,,2,381
0,久保利明,2,2,0,,0,378,0.63,222,743,0.6161,29,1206,363,0.603,239,,2,463
0,行方尚史,3,1,0,,0,316,0.62,194,624,0.6082,12,1026,305,0.596,207,,3,402
0,岡崎洋,0,0,0,0.0,2,195,0.508,189,376,0.4766,31,789,181,0.449,222,,1,413
0,窪田義行,1,1,1,0.5,1,206,0.519,191,407,0.5068,11,803,199,0.495,203,,0,396
0,北浜健介,1,1,2,0.667,1,241,0.575,178,514,0.5692,11,903,270,0.564,209,,3,389
0,矢倉規広,0,0,0,0.0,2,222,0.5589999999999999,175,420,0.5303,13,792,198,0.504,195,,1,372
0,鈴木大介,1,0,2,0.5,2,262,0.568,199,512,0.5608,29,913,247,0.5529999999999999,200,,3,401
0,北島忠雄,0,0,1,0.33299999999999996,2,214,0.5539999999999999,172,399,0.5175,22,771,184,0.48200000000000004,198,,3,372
0,勝又清和,5,0,1,0.33299999999999996,2,166,0.493,171,328,0.4761,10,689,156,0.45299999999999996,188,,0,361
0,松本佳介,1,0,1,0.33299999999999996,2,171,0.515,161,323,0.4916,9,657,150,0.467,171,,0,334
0,田村康介,4,0,3,0.75,1,219,0.556,175,458,0.5613,4,816,232,0.56,182,,0,358
0,堀口一史座,0,13,1,0.5,1,192,0.555,154,403,0.52,40,775,210,0.507,204,,3,372
0,中座真,2,0,3,0.75,1,185,0.529,165,394,0.5246,7,751,204,0.516,191,,0,357
0,近藤正和,2,0,1,0.33299999999999996,2,183,0.521,168,354,0.5028,15,704,168,0.483,180,,3,350
0,野月浩貴,2,0,0,,0,237,0.603,156,432,0.556,10,777,193,0.505,189,,0,345
0,木村一基,1,0,0,,0,338,0.667,169,635,0.6369,32,997,296,0.607,192,1.0,3,361
0,小林裕士,2,0,2,0.667,1,248,0.6,165,466,0.5884,8,792,214,0.5720000000000001,160,,0,326
0,佐藤紳哉,0,0,2,0.5,2,221,0.574,164,412,0.556,7,741,189,0.537,163,,1,329
0,増田裕司,2,0,0,0.0,2,177,0.551,144,317,0.5064,9,626,138,0.45799999999999996,163,,1,309
0,髙野秀行,3,0,2,0.5,2,150,0.46299999999999997,174,326,0.5015,9,650,171,0.536,148,,2,324
0,山崎隆之,0,0,0,,0,317,0.669,157,599,0.6448,1,929,282,0.62,173,,2,330
0,伊奈祐介,1,0,1,0.5,1,153,0.522,140,309,0.5116,24,604,154,0.5,154,,2,295
0,山本真也,0,0,1,0.33299999999999996,2,118,0.47600000000000003,130,225,0.4455,9,505,106,0.41700000000000004,148,,0,280
0,中尾敏之,0,0,0,,0,92,0.39299999999999996,142,186,0.417,11,446,94,0.44299999999999995,118,,6,260
0,松尾歩,2,0,0,,0,252,0.6409999999999999,141,491,0.6168,28,796,237,0.591,164,,0,305
0,金沢孝史,2,7,2,0.667,1,94,0.439,120,189,0.4276,10,442,91,0.42100000000000004,125,,0,253
0,阿久津主税,3,0,0,,0,256,0.634,148,473,0.6103,18,775,214,0.5820000000000001,154,,1,302
0,安用寺孝功,2,0,3,0.75,1,154,0.512,147,307,0.5058,20,607,148,0.493,152,,4,300
0,渡辺明,3,0,0,,0,328,0.708,135,620,0.6624,24,936,289,0.615,181,,4,316
0,飯島栄治,1,0,0,0.0,2,220,0.625,132,395,0.5869,20,673,174,0.547,144,,1,278
0,千葉幸生,0,0,0,0.0,2,197,0.61,126,360,0.5732,11,628,163,0.5379999999999999,140,,0,268
0,上野裕和,0,0,2,0.667,1,110,0.478,120,185,0.4129,13,448,73,0.34,142,,0,263
0,橋本崇載,1,0,0,,0,207,0.631,121,394,0.5925,22,665,186,0.5539999999999999,150,,0,271
0,佐々木慎,2,0,0,0.0,2,185,0.603,122,358,0.5728,12,625,171,0.545,143,,1,267
0,宮田敦史,0,20,0,0.0,2,180,0.6920000000000001,80,350,0.5973,22,586,170,0.5589999999999999,134,,0,236
0,村田智弘,1,0,0,0.0,2,130,0.506,127,266,0.4953,13,537,135,0.48700000000000004,142,,1,271
0,大平武洋,0,0,2,0.667,1,119,0.478,130,240,0.4688,7,512,119,0.45799999999999996,141,,2,272
0,熊坂学,0,1,0,,0,68,0.48200000000000004,73,123,0.4409,6,279,55,0.401,82,,1,156
0,藤倉勇樹,0,0,0,0.0,2,81,0.418,113,165,0.4297,7,384,84,0.447,104,,2,219
0,横山泰明,1,0,1,0.5,1,196,0.636,112,367,0.6252,14,587,169,0.612,107,,0,220
0,島本亮,1,0,3,0.75,1,100,0.44799999999999995,123,189,0.4286,3,441,85,0.39899999999999997,128,,1,252
0,西尾明,2,0,1,0.5,1,182,0.657,95,327,0.5829,12,561,142,0.507,138,,1,234
0,村山慈明,2,0,2,0.667,1,208,0.6709999999999999,102,393,0.6401,11,614,181,0.605,118,,0,221
0,佐藤和俊,1,0,0,0.0,1,173,0.65,93,333,0.6066,23,549,159,0.5660000000000001,122,,0,216
0,片上大輔,1,0,4,1.0,0,164,0.626,98,295,0.5784,11,510,126,0.519,117,,0,215
0,中村亮介,1,1,3,0.75,1,122,0.53,108,256,0.5311,16,482,130,0.528,116,,1,226
0,村中秀史,1,0,1,0.5,1,127,0.55,104,239,0.5299,10,451,110,0.507,107,,5,212
0,阪口悟,0,0,4,1.0,0,125,0.532,110,238,0.5219,8,456,109,0.502,108,,1,218
0,広瀬章人,0,0,0,,0,199,0.652,106,394,0.6448,7,611,195,0.637,111,,0,217
0,長岡裕也,2,0,1,0.33299999999999996,2,103,0.49,107,192,0.4496,12,427,86,0.406,126,,1,235
0,髙﨑一生,0,0,3,0.75,1,146,0.635,84,268,0.5877,4,456,119,0.536,103,,0,188
0,遠山雄亮,1,1,0,0.0,2,123,0.562,96,244,0.5459,9,447,120,0.536,104,,1,203
0,瀬川晶司,0,0,2,0.667,1,134,0.604,88,226,0.5318,5,425,90,0.45,110,,1,199
0,糸谷哲郎,2,0,0,,0,189,0.6729999999999999,92,365,0.6565,5,556,174,0.637,99,,1,191
0,中村太地,0,0,0,0.0,1,168,0.6509999999999999,90,322,0.6301,11,511,154,0.611,98,,0,189
0,戸辺誠,1,0,3,0.75,1,152,0.636,87,277,0.6061,16,457,121,0.568,92,,1,180
0,佐藤天彦,0,0,0,,0,173,0.7,74,347,0.6751,7,514,174,0.652,93,,2,167
0,豊島将之,2,0,0,,0,238,0.7390000000000001,84,445,0.6953,18,640,205,0.649,111,,0,195
0,金井恒太,0,1,2,0.667,1,98,0.524,89,222,0.5455,17,407,122,0.565,94,,1,185
0,伊藤真吾,0,0,0,0.0,1,97,0.536,84,187,0.5313,15,352,90,0.529,80,,0,165
0,村田顕弘,1,0,0,0.0,2,131,0.618,81,241,0.5807,9,415,109,0.545,91,,1,174
0,及川拓馬,1,1,2,0.667,1,123,0.586,87,240,0.5897,18,407,114,0.594,78,,1,167
0,稲葉陽,0,0,0,,0,153,0.6990000000000001,66,290,0.6606,5,439,137,0.623,83,,0,149
0,田中悠一,0,1,1,0.5,1,89,0.5,89,167,0.4827,10,346,77,0.467,88,,1,179
0,佐藤慎一,0,0,2,0.667,1,100,0.5379999999999999,86,165,0.4955,5,333,63,0.43799999999999994,81,,0,168
0,西川和宏,0,0,1,0.33299999999999996,2,98,0.541,83,183,0.5351,14,342,84,0.532,74,,1,159
0,渡辺正和,0,0,2,0.667,1,79,0.506,77,154,0.4783,5,322,73,0.44799999999999995,90,,1,168
0,澤田真吾,0,0,1,0.5,1,124,0.667,62,254,0.6318,31,402,129,0.603,85,,2,148
0,大石直嗣,0,0,2,0.667,1,138,0.687,63,225,0.5968,2,377,85,0.491,88,,0,152
0,永瀬拓矢,0,0,3,0.75,1,161,0.7490000000000001,54,318,0.7244,37,439,154,0.7,66,,2,121
0,阿部健治郎,0,0,3,0.75,1,123,0.695,54,226,0.6278,13,360,100,0.5589999999999999,79,,0,134
0,菅井竜也,0,0,0,,0,162,0.743,56,295,0.7024,24,420,133,0.6579999999999999,69,,0,125
0,牧野光則,0,2,1,0.5,1,100,0.621,61,190,0.5638,6,337,89,0.517,83,,1,147
0,佐々木勇気,0,0,3,0.75,1,128,0.703,54,254,0.6649,12,382,123,0.628,73,,0,128
0,船江恒平,0,0,1,0.33299999999999996,2,115,0.706,48,214,0.6407,7,334,98,0.583,70,,0,120
0,門倉啓太,2,4,0,0.0,2,71,0.546,59,134,0.4908,3,273,61,0.452,74,,0,139
0,阿部光瑠,0,1,2,0.667,1,113,0.685,52,228,0.6333,8,360,113,0.5920000000000001,78,,0,132
0,髙見泰地,0,0,0,,0,90,0.638,51,180,0.6122,8,294,90,0.588,63,,2,114
0,藤森哲也,1,0,3,0.75,1,73,0.562,57,127,0.502,2,253,50,0.424,68,,0,126
0,斎藤慎太郎,0,0,0,,0,113,0.711,46,205,0.6811,11,301,92,0.648,50,,1,96
0,八代弥,0,0,2,0.667,1,95,0.638,54,198,0.6471,5,306,101,0.6559999999999999,53,,0,108
0,上村亘,2,0,2,0.5,2,42,0.457,50,93,0.4559,3,204,47,0.44299999999999995,59,,0,111
0,石田直裕,0,0,1,0.33299999999999996,2,78,0.609,50,130,0.5532,8,235,51,0.49,53,,0,105
0,渡辺大夢,0,0,3,1.0,0,66,0.595,45,131,0.5928,12,221,62,0.579,45,,1,90
0,千田翔太,1,0,3,1.0,0,110,0.71,45,223,0.7194,10,310,109,0.722,42,,0,87
0,竹内雄悟,2,0,1,0.33299999999999996,2,64,0.598,43,120,0.5357,8,224,53,0.473,59,,0,104
0,石井健太郎,0,0,0,0.0,2,76,0.7170000000000001,30,146,0.6432,7,227,70,0.588,49,,0,81
0,三枚堂達也,1,0,1,0.5,1,86,0.662,44,158,0.6611,2,239,70,0.66,36,,0,81
0,星野良生,0,0,1,0.33299999999999996,2,34,0.447,42,75,0.4545,1,165,40,0.465,46,,0,90
0,宮本広志,0,0,1,0.5,1,44,0.557,35,91,0.5385,1,169,46,0.523,42,,0,78
0,増田康宏,0,0,0,,0,73,0.664,37,150,0.7042,5,213,77,0.748,26,,0,63
0,黒沢怜生,0,0,2,0.667,1,60,0.7140000000000001,24,121,0.6302,8,192,59,0.562,46,,1,71
0,今泉健司,1,0,3,0.75,1,42,0.5379999999999999,36,76,0.5588,1,136,30,0.5660000000000001,23,,0,60
0,青嶋未来,0,0,2,0.667,1,63,0.708,26,110,0.6471,3,170,45,0.5770000000000001,33,,0,60
0,梶浦宏孝,0,0,0,0.0,2,48,0.585,34,93,0.5671,3,164,45,0.563,35,,0,71
0,髙野智史,0,0,2,0.5,2,45,0.6,30,78,0.5735,2,136,31,0.544,26,,1,58
0,近藤誠也,0,0,4,1.0,0,53,0.679,25,127,0.7216,3,176,70,0.745,24,,0,49
0,都成竜馬,0,0,0,0.0,1,55,0.688,25,94,0.6763,5,139,39,0.672,19,,0,45
0,井出隼平,0,0,1,0.33299999999999996,2,37,0.561,29,59,0.5,4,118,21,0.429,28,,0,59
0,佐々木大地,0,0,4,1.0,0,55,0.733,20,112,0.7044,4,159,53,0.6629999999999999,27,,1,47
0,藤井聡太,0,0,0,,0,52,0.897,6,120,0.8571,3,140,68,0.8290000000000001,14,,0,20
0,大橋貴洸,0,0,1,1.0,0,42,0.792,11,89,0.7295,4,122,46,0.6759999999999999,22,,0,33
0,西田拓也,0,0,3,0.75,1,32,0.762,10,59,0.6556,3,90,24,0.545,20,,0,31
0,杉本和陽,0,0,3,0.75,1,28,0.5710000000000001,21,49,0.5765,5,85,18,0.563,14,,0,36
0,斎藤明日斗,0,0,2,0.667,1,12,0.6,8,23,0.4792,3,48,9,0.36,16,,0,25
0,古森悠太,0,0,4,0.8,1,15,0.5770000000000001,11,28,0.5385,0,52,9,0.429,12,,0,24
0,長谷部浩平,0,0,4,0.8,1,16,0.5710000000000001,12,24,0.5455,0,44,4,0.364,7,,0,20
0,池永天志,0,0,3,0.75,1,10,0.667,5,22,0.55,1,40,9,0.429,12,,0,18
0,本田奎,0,0,0,0.0,1,5,0.833,1,10,0.7692,0,13,5,0.833,1,,0,3
0,山本博志,0,0,0,0.0,1,2,0.4,3,3,0.375,0,8,1,0.5,1,,0,5
0,出口若武,0,0,0,,0,0,0.0,1,1,0.5,0,2,1,1.0,0,,0,1
